--
-- PostgreSQL database dump
--

\restrict nd1wiugFh90aOZQEMh5XqMFewzHgRIxQU8GTQNbh4lcKOL8RaFuvIYhkoVfjTVu

-- Dumped from database version 16.11 (Ubuntu 16.11-0ubuntu0.24.04.1)
-- Dumped by pg_dump version 16.11 (Ubuntu 16.11-0ubuntu0.24.04.1)

SET statement_timeout = 0;
SET lock_timeout = 0;
SET idle_in_transaction_session_timeout = 0;
SET client_encoding = 'UTF8';
SET standard_conforming_strings = on;
SELECT pg_catalog.set_config('search_path', '', false);
SET check_function_bodies = false;
SET xmloption = content;
SET client_min_messages = warning;
SET row_security = off;

--
-- Data for Name: content_category; Type: TABLE DATA; Schema: public; Owner: gerhard
--

COPY public.content_category (id, name, slug, description, "order") FROM stdin;
8	Промпты для фотосессий	photo-sessions		10
9	UGC-промпты	ugc		20
10	Апскейл	upscale		30
\.


--
-- Data for Name: content_group; Type: TABLE DATA; Schema: public; Owner: gerhard
--

COPY public.content_group (id, name, slug, description) FROM stdin;
6	Щелкунчик	shelkunchik	Автоматически создана при импорте (23.04.2026)
2	Боксерша	boksersha	
5	Акула во льду	akula-vo-ldy	Автоматически создана при импорте (23.04.2026)
7	Розовое боди	rozovoe-bodi	
8	Ангел	angel	
9	Офис	office	
10	Упаковка игрушки	upakovka-igrushki	
\.


--
-- Data for Name: content_subcategory; Type: TABLE DATA; Schema: public; Owner: gerhard
--

COPY public.content_subcategory (id, name, slug, description, category_id) FROM stdin;
8	Полный рост	polnyj-rost		8
11	Крупный план	closeups		8
13	Iphone	iphone		10
\.


--
-- Data for Name: content_contentitem; Type: TABLE DATA; Schema: public; Owner: gerhard
--

COPY public.content_contentitem (id, photo, full_text, created_at, group_id, subcategory_id, category_id) FROM stdin;
5	photos/IMG_9810.JPG	Ultra realistic high-end cinematic photograph of the exact person from reference photo, identical face, exact same hairstyle, exact same makeup, exact same body proportions, natural skin texture, pores and natural imperfections unchanged. No retouching, no changes to face or hair.\r\n\r\nShe is captured mid-air in a powerful confident pose, hanging from the landing skid of a black helicopter high above Saint Petersburg. One hand firmly gripping the helicopter skid above her head, the other arm relaxed, one leg bent and the other extended.\r\n\r\nShe wears a beautiful deep red leather corset with a seductive deep décolleté and black accents, paired with a flowing elegant black satin midi skirt with a high slit, and tall red leather heeled boots matching the corset color. Minimal elegant jewelry: a thin silver chain necklace with a small red gemstone and simple hoop earrings.\r\n\r\nBackground is a stunning aerial view of Saint Petersburg with the Neva River, Palace Bridge, Hermitage and golden spires under a clear blue sky. Dramatic cinematic lighting with strong red-orange rim light and bright sunlight creating beautiful highlights on skin and leather. She looks directly at the camera with a fierce confident expression. Photorealistic, extremely sharp details, luxurious and bold fashion editorial style, 8k, masterpiece.	2026-04-21 19:48:48.99331+03	\N	8	\N
9	photos/2.jpg	Ultra realistic studio portrait, dramatic lighting. The girl from the reference stands confidently, looking directly at the camera with a powerful and slightly arrogant expression. She is wearing a black corset with red lacing, large hoop earrings, a long pearl necklace with a cross pendant, and black boxing gloves. One gloved hand is raised close to her face in a boxing pose. Strong red-orange side lighting from the left, creating dramatic highlights and deep shadows on her skin and clothing. Dark minimalist studio background with clean geometric shadows. High fashion editorial style, intense and strong atmosphere, ultra detailed textures on leather gloves, corset fabric and pearls --ar 9:16 --stylize 80	2026-04-22 03:05:03.957736+03	2	11	\N
8	photos/photo_2026-04-19_11-34-49.jpg	Ultra realistic photograph of the exact person from reference photo, identical face, exact same hairstyle, exact same makeup, exact same body proportions, natural skin texture, pores, subtle sweat and imperfections unchanged. No retouching. High angle shot looking down at her, but not too close — medium-wide framing so the upper body is clearly visible. She looks straight up into the camera with intense confident gaze, holding one large black boxing glove close to her face. She wears a black corset-style top with red details, multiple layered pearl and cross necklaces, hoop earrings, and black boxing gloves. Dramatic cinematic lighting with strong red-orange side light and bright overhead soffits creating bold highlights on skin, jewelry and glove. Dark minimalist studio background, powerful stylish mood, photorealistic, extremely sharp details on skin texture and accessories, 8k, masterpiece.	2026-04-22 03:04:40.865678+03	2	11	\N
6	photos/photo_2026-04-21_19-50-14.jpg	Photorealistic cinematic photograph of a woman from reference, captured in a powerful and dynamic pose high above the city. She is hanging from the landing skid of a black helicopter with her right hand gripping the metal bar firmly above her head, while her left arm is raised gracefully with an open palm. Her body is slightly arched, one leg extended downward, creating a strong, confident and dramatic composition.\r\nShe wears a tight deep red leather corset with black vertical panels and front metal buttons, a short black satin skirt, and a bold gold chain necklace with a large oval red gemstone pendant. Her hair is pulled into a sleek high bun.\r\nLocation: golden hour over Saint Petersburg, dramatic panoramic view with the wide Neva river, historic green and white buildings, bridges and the sprawling city skyline in the background. The black helicopter is visible above her, its landing gear prominent in the frame.\r\nLighting: warm golden sunset light coming from the side, creating strong highlights on her skin, arms, and red leather corset, with beautiful rim lighting and soft shadows. Clear blue sky, cinematic atmosphere.\r\nMood and emotion: confident, bold, sensual, and empowering. High fashion editorial style with a touch of danger and freedom. Sharp details, rich colors, dramatic composition, photorealistic, 8k, shot on Sony A1 with 85mm lens, f/2.8, shallow depth of field.	2026-04-21 19:51:30.323983+03	\N	11	\N
14	photos/auto.JPG	Ultra photorealistic 8k real DSLR photograph, shot on Canon EOS R5 with 85mm f/1.4 lens at f/2.0, natural bokeh, shallow depth of field, razor sharp focus on the subject, zero face retouching, zero skin smoothing, zero plastic skin, exact same real face with all natural skin texture, visible pores, natural imperfections, exact same hairstyle with every strand of hair, exact same real makeup, exact same body shape and proportions as in the reference photo.\n\nA confident young woman lying relaxed and luxuriously inside a luxurious vintage red convertible car, completely surrounded and almost buried under an enormous abundance of different white flowers that densely fill the entire interior of the car. Massive overflowing amounts of white flowers: large fluffy white peonies, white roses, white hydrangeas, white ranunculus, white lilies, delicate white wildflowers and soft white blossoms, flowers everywhere — on the seats, dashboard, doors, spilling over the sides and trunk, creating a lush dense floral sea while still leaving comfortable space for her to lie.\n\nShe is lying back comfortably stretched out across the seats, one leg casually raised and resting on the edge of the car door showing black combat boots with laces, the other leg slightly bent, relaxed dreamy pose, head gently resting on the flowers, soft natural expression looking slightly toward the camera.\n\nThe car is a classic glossy red convertible with perfect shiny red paint, chrome details, beige leather interior and wooden steering wheel, parked on an elegant European city street with beautiful historic buildings softly blurred in warm golden hour sunlight in the background.\n\nLighting: warm natural golden hour sunlight from the side, soft realistic shadows, gentle lens flare, realistic reflections on the glossy red car and flower petals, subtle rim light.\n\nDetails: ultra realistic flower textures with tiny dew drops on some petals, natural fabric folds of the white dress, photorealistic hair strands, real skin texture, rich cinematic color grading with dominant bright red car and pure white flowers, warm orange-golden tones, volumetric god rays, gentle atmospheric haze, professional high fashion editorial photography, masterpiece, best quality, extremely sharp, intricate real-world details, film grain, no AI artifacts, no over-smoothing, no face retouching whatsoever.	2026-04-23 21:03:01.959298+03	\N	8	\N
13	photos/shel.JPG	Ultra photorealistic 8k DSLR studio portrait, captured with Canon EOS R5 and 85mm f/1.8 lens, shallow depth of field, sharp focus on the subject, natural skin texture with visible pores and subtle imperfections, realistic fabric details and folds, exact same face, exact same hairstyle, exact same makeup and exact same body shape and proportions as the reference photo.\n\nA confident young woman sitting astride a giant colorful wooden nutcracker in a luxurious theater setting. She wears a sparkling black sequined corset with fine shimmering black glitter and subtle red-orange light reflections, loose elegant black wide-leg flowing trousers with soft natural fabric movement, black satin ballet pointe shoes with delicate long ribbons tied around the ankles.\n\nPose: legs spread wide in a powerful stance, both hands resting firmly on the nutcracker’s large hat, elbows slightly out, head slightly tilted up, confident and regal expression.\n\nCamera angle: slightly lower angle from below looking up, dramatic powerful perspective, medium full-body shot.\n\nThe giant nutcracker is brightly multicolored and highly detailed: rich red jacket with shiny gold buttons, deep blue and green accents on the uniform, traditional carved wooden face with realistic painted details, fluffy white beard with individual hairs, golden shell emblem on the tall hat, ornate gold trim and colorful festive patterns all over, realistic wood texture and paint.\n\nBackground: luxurious dark red velvet theater curtains with heavy golden embroidery and realistic fabric texture, dramatic warm orange and red stage lighting with deep black shadows, two powerful spotlights from above creating realistic god rays, soft light beams and natural lens flare, silver metallic ribbons and sparkling confetti flying dynamically in the air.\n\nLighting: soft key light from the spotlights mixed with warm orange-red ambient glow, subtle rim lighting in orange tones, realistic shadows and highlights, cinematic color grading with dominant black, red and orange palette but natural skin tones, volumetric lighting, gentle haze.\n\nAdditional details: highly detailed realistic textures on skin, sequins, fabric and wood, photorealistic reflections and glitter sparkle, natural depth of field with slightly blurred background, subtle film grain, professional high fashion editorial photography style, masterpiece, best quality, ultra realistic, no artificial smoothness, no plastic skin, no over-sharpening.	2026-04-23 21:03:01.955789+03	6	8	\N
11	photos/shark2.png	A woman who looks exactly like the woman in the reference photo: exact face, exact body proportions, exact hair, exact eyes, exact skin tone, exact age and exact overall appearance from the reference image. She stands calmly in the middle of the vast frozen ice of Lake Baikal in winter, endless cracked white-blue ice field stretching to the horizon under a cold overcast sky, dramatic natural winter lighting with soft diffused light and subtle shadows. Her expression is completely impassive and serene, neutral calm face, no smile, direct gaze straight ahead. She is wearing a classic Russian fur ushanka hat with ear flaps down, a warm modern winter jacket, classic blue jeans, and bright red Nike sneakers on her feet. Through the transparent and cracked ice beneath her feet a gigantic megalodon shark is clearly visible swimming just under the surface, massive prehistoric predator with huge teeth and dark silhouette, realistic and terrifying scale. High angle shot from above, cinematic ultra-realistic 8K photo, photorealistic, highly detailed skin texture, realistic hair strands, natural fabric physics on winter clothes, sharp focus on the woman and the ice cracks, perfect face and body consistency with the reference photo, icy cold atmosphere, shot on Nikon D850 with 50mm f/1.4 lens, shallow depth of field, natural bokeh, no text, no watermarks.	2026-04-23 21:03:01.943706+03	5	8	\N
12	photos/shark.jpg	Dramatic surreal POV shot looking straight down, (person from reference) wearing blue jeans and bright red high-top sneakers standing on fragile cracking transparent ice, enormous great white shark with wide open jaws and black eye swimming just beneath the surface right under the feet, water splashing through ice cracks, strong key light from camera left, soft subtle fill light from right, subtle rim light highlighting ice edges, dark cold blue color palette, realistic water clarity and ice refraction, high tension, photorealistic, ultra detailed, cinematic lighting, moody Arctic atmosphere	2026-04-23 21:03:01.949555+03	5	11	\N
7	photos/IMG_9878.JPG	Ultra realistic high-end cinematic photograph of the exact person from reference photo, identical face, exact same hairstyle, exact same makeup, exact same body proportions, natural skin texture, visible pores, subtle sweat and natural imperfections unchanged. No retouching, no skin smoothing.\r\n\r\nA woman sits elegantly in a vintage red theater chair on the left side of the frame, holding a large bucket of popcorn with both hands. Next to her on the right sits Ghostface in the same row, also holding a bucket of popcorn. They sit close together in a cinematic composition.\r\n\r\nShe wears a stylish zebra-print fur coat draped over a sleek black dress, black stockings, and black stiletto high-heel pumps. Ghostface wears a black hooded raincoat, the iconic white Ghostface mask, and black gloves.\r\n\r\nShe is adorned with elegant jewelry: a delicate gold necklace with a pendant, dangling earrings, and several rings. Two classic red-and-white striped popcorn buckets filled with popcorn.\r\n\r\nLuxurious vintage cinema interior with rows of plush red velvet seats, heavy shiny red curtains with subtle black and orange accents, dark elegant walls, and red carpet floor. No text or signs anywhere.\r\n\r\nDramatic cinematic lighting dominated by a warm orange-red and deep black color palette. Rich orange and red glow illuminating the scene from the sides and front, creating beautiful highlights on the subjects and deep, moody shadows. High contrast, stylish and atmospheric.\r\n\r\nIronic, fashionable, retro cinematic, slightly creepy and humorous at the same time. Photorealistic, highly detailed, professional photography style, filmic color grading with strong orange-red-black tones. Rich fluffy texture on the zebra fur coat, soft sheen and fabric details on the black dress, realistic popcorn kernels, perfect symmetrical composition, cinematic depth of field, subtle film grain, no text or logos on the image.	2026-04-21 19:53:44.73898+03	\N	8	\N
10	photos/3.jpg	Ultra realistic studio portrait, dramatic lighting. The girl from the reference is shown from the back and side, standing in a strong boxing pose. She wears a black corset with red lacing, large hoop earrings, a long pearl necklace with a cross pendant, and black boxing gloves. One gloved hand is raised near her face in a fighting stance, the other glove is partially visible. Her hair is styled in a high tight bun. Strong red-orange side lighting from the left creates dramatic highlights on her skin, shoulders and gloves, while the rest of the scene remains in deep shadow. Dark minimalist studio background with clean geometric shapes. High fashion editorial style, powerful and intense atmosphere, ultra detailed textures on the corset, leather gloves and pearls --ar 9:16 --stylize 75	2026-04-22 03:05:32.308444+03	2	11	\N
15	photos/photo_2026-04-25_20-00-32.jpg	Full-length photo: a confident woman with long, hair. Strictly preserved compared to the first photo, without distortion. Focus on the details of the face, skin texture, and the texture of the suit.\r\nShe is wearing pink clothes and shoes, a short-sleeved bodysuit, chunky Balenciaga-style sneakers, and futuristic black sunglasses. She is holding a large, aggressive-looking black Cane Corso dog with an open mouth on a thick leash. The woman restrains the dog; the dog barks and tries to escape.\r\nBehind them, in a dark industrial alley, is parked a futuristic, low-profile pink KM X-BOW GT-XR hypercar with its headlights on\r\nPhotography style; harsh, direct flash, high contrast, deep shadows, grainy texture, urban night aesthetie. Shot on 35mm film, wide-angle lens, natural light, realistic asphalt texture, industrial roller shutters visible in the background	2026-04-26 07:12:00.293662+03	7	8	\N
16	photos/photo_2026-04-25_20-00-34.jpg	Full-length photo of a confident woman with long hair. Strictly preserved compared to the first photo attached, without distortion. Emphasis on facial details, skin texture, and the texture of her suit.\r\nShe is wearing pink clothes and shoes, a sleeveless bodysuit, chunky Balenciaga-style sneakers, and futuristic black sunglasses.\r\nCinematic medium shot, night shot.\r\nThe woman leans back against a futuristic KTM X-BOW GT-XR supercar. The car is pink. The car has a unique glass dome that is wide open, creating a striking diagonal line in the frame. He stands to the left of the frame, arms crossed over his chest, looking away. Inside, in the driver's seat, sits a large, museular black American bulldog, a Cane Corso breed; it looks at the camera with its tongue hanging out. In the background is a dark industrial space with gray corrugated metal garage doors.\r\nPhotography style: harsh direct flash, high contrast, deep shadows, grainy texture. A nocturnal urban aesthetic. Shot on 35mm film, wide-angle lens, natural light, realistic asphalt texture, industrial roller shutters visible in the background	2026-04-26 07:13:00.536365+03	7	8	\N
17	photos/photo_2026-04-25_20-00-35.jpg	The photo depicts a stylish woman sitting behind the wheel of a pink\r\nKTM X-BOW GT-XR supercar with its butterfly doors open. She's wearing a pink sleeveless bodysuit and elegant black sunglasses, with her hand resting on the head of a large black Cane Corso dog sitting in the passenger seat.\r\nThe photo is shot at night, with a high-contrast flash, sharp shadows, and an urban atmosphere. A dimly lit garage or industrial shutters appear in the background. Shot on 35mm film, the image features grainy textures, realistic skin detail, sharp focus on the woman and dog, and cinematic lighting.	2026-04-26 07:13:44.343852+03	7	8	\N
18	photos/photo_2026-04-28_02-51-11.jpg	A photorealistic photograph of a pink toy box with the words "Mom Dog" written on it in large white and yellow letters. The photo shows a realistic figurine with a matte finish (the girl from the reference image) in a clear plastic blister pack, inside which is dirty packaging. The figurine is wearing dirty clothes (a black sweatshirt and black sweatpants) and carries a black fanny pack, and next to her is the dog from the reference image. On the left are accessories: a dirty, battle-hardened leash, a dirty green tennis ball with a yellow sticker reading "Motivation Tool," and a dirty tug-of-war toy with a yellow sticker reading "Do Not Wash." Yellow star stickers, purple marble background inside the box, text at the bottom "Realistic Mom Life!", warning sign in the corner, highly detailed packaging textures, matte plastic reflections, studio lighting with soft shadows, sharp focus, commercial product photography style, 8k, masterpiece --ar 3:4 --stylize 150 --v 6	2026-04-28 04:43:26.387846+03	10	\N	9
22	photos/photo_2026-04-26_09-27-40.jpg	Photorealistic epic portrait of (девушка с референса) seated on soft voluminous pinkish-white clouds, massive glittering red sequin-covered angel wings fully spread in a dramatic wide span, wearing flowing white lace floor-length dress, powerfully pulling back a golden recurve bow with arrow nocked and aimed, intense focused expression, dynamic heroic pose, dramatic fiery red-orange sunset sky with dark clouds, cinematic volumetric lighting, god rays, moody and atmospheric, ultra detailed, sharp focus, 8k resolution, masterpiece, best quality, fantasy photography style --ar 2:3 --stylize 150 --v 6	2026-04-28 05:36:01.584605+03	8	8	8
20	photos/photo_2026-04-26_09-27-38.jpg	Exact same real woman as in the reference photo, 100% identical face, exact same hairstyle, exact same makeup, exact same body type, proportions and figure, identical natural skin with visible pores, subtle skin texture, natural imperfections, real skin tone, do not change her appearance at all, photorealistic, raw beauty. She sits naturally and elegantly on soft fluffy clouds, relaxed attractive pose, slight turn of the body, gentle confident gaze, wearing a tight-fitting floor-length white lace dress with delicate floral patterns, long sleeves, semi-transparent elegant lace, seductive but classy, white classic stiletto high-heel pumps. Large majestic realistic angel wings with soft feather texture mixed with sparkling red rhinestones and crystals that catch the light naturally. She gently holds a golden bow with a red heart-tipped arrow in one hand. Real photography style, natural beautiful lighting, soft warm orange rim light, deep red and black shadows, realistic light interaction on skin, lace and crystals, subtle natural glow, no plastic skin, no over-smoothing, no heavy retouching. Fashion editorial shot on Canon EOS R5, 85mm lens, f/1.8, natural depth of field, sharp focus on face and eyes, soft bokeh background. Color palette: deep red, vibrant warm orange, rich black with clean white accents. Atmospheric, sensual and luxurious yet realistic mood. Jewelry: delicate layered golden cross necklaces with small red rubies, thin elegant golden bracelets with tiny crosses, long dangling red crystal earrings, subtle golden anklet. Background: dark burgundy-red to black gradient sky, large soft floating heart-shaped clouds with warm orange-pink tones, realistic glowing clouds below, natural volumetric light, atmospheric perspective. photorealistic, ultra realistic, real life photo, natural beauty, 8k raw photo --stylize 350 --v 6 --q 2	2026-04-28 05:31:31.39638+03	8	8	8
21	photos/photo_2026-04-26_09-27-39.jpg	Photorealistic close-up shot of (девушка с референса) in dramatic profile, powerfully drawing a golden bow with a bright red arrow pulled back near her cheek, fingers elegantly positioned on the string, intricate white lace top visible, layered gold cross necklaces and cross bracelets catching warm light, soft glowing highlights on skin and jewelry, deep red-orange cinematic background with atmospheric depth, moody and sensual lighting, sharp focus, exquisite detail, 8k resolution, best quality, fantasy portrait photography --ar 2:3 --stylize 150 --v 6	2026-04-28 05:33:09.580932+03	8	11	8
23	photos/photo_2026-04-28_10-20-13.jpg	Ultra photorealistic 8k raw photograph of the exact same woman from the reference image, sitting in a luxurious messy office at night, hyper-realistic skin texture with visible pores, natural sweat and micro skin details, zero retouching, zero plastic look, zero beauty filters, razor-sharp focus on face. She wears a sharp black tailored business suit: black cropped blazer with buttons, black mini skirt, white dress shirt. Bright red details: long red silk tie loosely hanging, red lace garter belt visible, red fishnet stockings, glossy red patent leather high heels. She holds a bright red vintage telephone to her ear, one leg provocatively raised high on the desk, the other crossed. Elegant modern jewelry: delicate layered thin gold necklaces, minimalist gold choker, small-medium gold hoop earrings, subtle thin gold bracelets. No oversized pieces. Exact same face, exact same hairstyle, exact same makeup, exact same body shape and proportions as in the reference photo — 100% identity preservation, no changes to facial features, eyes, nose, lips, skin tone, hair, expression or physique whatsoever. Office scene: chaotic papers scattered on floor and desk, multiple red vintage telephones, luxurious dark wooden furniture, huge floor-to-ceiling window with dramatic night city skyline and orange-red neon city lights outside. Dramatic side orange-red neon lighting mixed with practical warm office lamps, deep black shadows, fiery rim light on skin and red details, subtle volumetric haze, rich contrast. Color palette: dominant black, vibrant red and orange tones. Shot on Canon EOS R5 with 85mm f/1.4 lens, extremely sharp details especially on face and eyes, natural depth of field, professional editorial photography quality, maximum clarity, no AI artifacts	2026-04-28 11:01:22.447215+03	9	8	8
24	photos/photo_2026-04-28_10-20-13_2.jpg	Hyperrealistic cinematic close-up portrait of the exact woman from reference, holding a bright red vintage rotary telephone to her ear with one hand, professional elegant business style, wearing black blazer over white collared shirt with red satin necktie/scarf, layered delicate gold jewelry including necklaces, hoop earring, rings and thin bracelet, dramatic warm cinematic lighting with strong orange-red rim light and soft key light, rich moody atmosphere, subtle film grain, glossy skin texture with beautiful highlights, sharp focus on face and telephone, shallow depth of field, blurred dark elegant background with bokeh, luxury editorial photography style, high fashion vibe, ultra detailed fabric textures, realistic satin shine on tie and skin reflections, emotional and confident expression, shot on Sony A7R IV, 85mm lens, f/1.8, natural color grading, photorealistic masterpiece, 8k raw photo --stylize 150 --v 6 --style raw	2026-04-28 11:06:15.046092+03	9	11	8
19	photos/photo_2026-04-27_09-49-38.jpg	A photorealistic still photograph of a blue toy box with the words "Daddy Dog" written on it in large white and yellow letters. The photo shows a realistic matte-finish figurine (the man from the reference image) in a clear plastic blister pack, the dirty packaging inside, and a standing figure wearing a dirty black hoodie and black sweatpants with a black fanny pack, surrounded by the dog from the reference image. Accessories on the left include a dirty, battle-hardened leash, a dirty green tennis ball with a yellow sticker reading "Motivation Tool," and a dirty tug-of-war toy with a yellow sticker reading "Do Not Wash." Yellow star stickers, blue marble background inside the box, text at the bottom "Realistic Dad Life!", warning sign in the corner, highly detailed packaging textures, matte plastic reflections, studio lighting with soft shadows, sharp focus, commercial product photography style, 8k, masterpiece --ar 3:4 --stylize 150 --v 6	2026-04-28 05:10:36.458314+03	10	\N	9
\.


--
-- Name: content_category_id_seq; Type: SEQUENCE SET; Schema: public; Owner: gerhard
--

SELECT pg_catalog.setval('public.content_category_id_seq', 10, true);


--
-- Name: content_contentitem_id_seq; Type: SEQUENCE SET; Schema: public; Owner: gerhard
--

SELECT pg_catalog.setval('public.content_contentitem_id_seq', 24, true);


--
-- Name: content_group_id_seq; Type: SEQUENCE SET; Schema: public; Owner: gerhard
--

SELECT pg_catalog.setval('public.content_group_id_seq', 10, true);


--
-- Name: content_subcategory_id_seq; Type: SEQUENCE SET; Schema: public; Owner: gerhard
--

SELECT pg_catalog.setval('public.content_subcategory_id_seq', 13, true);


--
-- PostgreSQL database dump complete
--

\unrestrict nd1wiugFh90aOZQEMh5XqMFewzHgRIxQU8GTQNbh4lcKOL8RaFuvIYhkoVfjTVu

